"filename", "language", "C++", "Log", "CMake", "JSON", "CMake Cache", "TypeScript", "Makefile", "C", "comment", "blank", "total"
"d:\program\cpp\leetcode\build\.cmake\api\v1\query\client-vscode\query.json", "JSON", 0, 0, 0, 1, 0, 0, 0, 0, 0, 0, 1
"d:\program\cpp\leetcode\build\.cmake\api\v1\reply\cache-v2-0f1b881086ff3b5a3105.json", "JSON", 0, 0, 0, 1671, 0, 0, 0, 0, 0, 1, 1672
"d:\program\cpp\leetcode\build\.cmake\api\v1\reply\cmakeFiles-v1-93862b369222034741b8.json", "JSON", 0, 0, 0, 178, 0, 0, 0, 0, 0, 1, 179
"d:\program\cpp\leetcode\build\.cmake\api\v1\reply\codemodel-v2-dd3c1e9b55e278d40e90.json", "JSON", 0, 0, 0, 456, 0, 0, 0, 0, 0, 1, 457
"d:\program\cpp\leetcode\build\.cmake\api\v1\reply\directory-.-Debug-d0094a50bb2071803777.json", "JSON", 0, 0, 0, 14, 0, 0, 0, 0, 0, 1, 15
"d:\program\cpp\leetcode\build\.cmake\api\v1\reply\index-2022-10-02T05-21-40-0490.json", "JSON", 0, 0, 0, 132, 0, 0, 0, 0, 0, 1, 133
"d:\program\cpp\leetcode\build\.cmake\api\v1\reply\target-1020-num-enclaves-Debug-e2f67e6d83aafb2b4853.json", "JSON", 0, 0, 0, 109, 0, 0, 0, 0, 0, 1, 110
"d:\program\cpp\leetcode\build\.cmake\api\v1\reply\target-1090-largest-num-Debug-cb3b1da47b3bd0543866.json", "JSON", 0, 0, 0, 109, 0, 0, 0, 0, 0, 1, 110
"d:\program\cpp\leetcode\build\.cmake\api\v1\reply\target-1331-array-rank-Debug-e6f6ceb3f0d6458a09a9.json", "JSON", 0, 0, 0, 109, 0, 0, 0, 0, 0, 1, 110
"d:\program\cpp\leetcode\build\.cmake\api\v1\reply\target-1334-find-city-Debug-0bea820587abb051a5f4.json", "JSON", 0, 0, 0, 109, 0, 0, 0, 0, 0, 1, 110
"d:\program\cpp\leetcode\build\.cmake\api\v1\reply\target-1450-busy-student-2-Debug-3437794853c9b15e18a7.json", "JSON", 0, 0, 0, 109, 0, 0, 0, 0, 0, 1, 110
"d:\program\cpp\leetcode\build\.cmake\api\v1\reply\target-1450-busy-student-Debug-05128b134f44ffe3aa5d.json", "JSON", 0, 0, 0, 109, 0, 0, 0, 0, 0, 1, 110
"d:\program\cpp\leetcode\build\.cmake\api\v1\reply\target-1582-min-cost-Debug-03a68fb83f45babc6280.json", "JSON", 0, 0, 0, 109, 0, 0, 0, 0, 0, 1, 110
"d:\program\cpp\leetcode\build\.cmake\api\v1\reply\target-1598-folder-Debug-b736eb576bbef53acdee.json", "JSON", 0, 0, 0, 109, 0, 0, 0, 0, 0, 1, 110
"d:\program\cpp\leetcode\build\.cmake\api\v1\reply\target-16-closest-sum-Debug-859f1d513542f411ac19.json", "JSON", 0, 0, 0, 109, 0, 0, 0, 0, 0, 1, 110
"d:\program\cpp\leetcode\build\.cmake\api\v1\reply\target-1608-special-val-Debug-744cac35389399c18657.json", "JSON", 0, 0, 0, 109, 0, 0, 0, 0, 0, 1, 110
"d:\program\cpp\leetcode\build\.cmake\api\v1\reply\target-1636-frequency-Debug-9a19b41fbc45f8fd38f7.json", "JSON", 0, 0, 0, 109, 0, 0, 0, 0, 0, 1, 110
"d:\program\cpp\leetcode\build\.cmake\api\v1\reply\target-179-largest-num-Debug-09d5410720dc110a0bc5.json", "JSON", 0, 0, 0, 98, 0, 0, 0, 0, 0, 1, 99
"d:\program\cpp\leetcode\build\.cmake\api\v1\reply\target-207-curricular-Debug-dec890787452c41aecdb.json", "JSON", 0, 0, 0, 109, 0, 0, 0, 0, 0, 1, 110
"d:\program\cpp\leetcode\build\.cmake\api\v1\reply\target-210-curricular-Debug-8d02e341025202d77d2f.json", "JSON", 0, 0, 0, 109, 0, 0, 0, 0, 0, 1, 110
"d:\program\cpp\leetcode\build\.cmake\api\v1\reply\target-2283-min-time-Debug-3459452fd1dd6ce5dd01.json", "JSON", 0, 0, 0, 109, 0, 0, 0, 0, 0, 1, 110
"d:\program\cpp\leetcode\build\.cmake\api\v1\reply\target-2367-three-diff-Debug-a11ddb6823ad7731ce7a.json", "JSON", 0, 0, 0, 109, 0, 0, 0, 0, 0, 1, 110
"d:\program\cpp\leetcode\build\.cmake\api\v1\reply\target-2368-nums-node-Debug-02db2d95fdb92a3beb88.json", "JSON", 0, 0, 0, 109, 0, 0, 0, 0, 0, 1, 110
"d:\program\cpp\leetcode\build\.cmake\api\v1\reply\target-2369-legal-partition-Debug-df1be6e0fe5506cf95e4.json", "JSON", 0, 0, 0, 109, 0, 0, 0, 0, 0, 1, 110
"d:\program\cpp\leetcode\build\.cmake\api\v1\reply\target-2370-longest-ideal-sequence-Debug-41b7742197f7f79e59bb.json", "JSON", 0, 0, 0, 109, 0, 0, 0, 0, 0, 1, 110
"d:\program\cpp\leetcode\build\.cmake\api\v1\reply\target-2384-max-num-Debug-2260e80bfbc23e6fa404.json", "JSON", 0, 0, 0, 109, 0, 0, 0, 0, 0, 1, 110
"d:\program\cpp\leetcode\build\.cmake\api\v1\reply\target-2385-tree-Debug-ef24a62128be47fc5a91.json", "JSON", 0, 0, 0, 109, 0, 0, 0, 0, 0, 1, 110
"d:\program\cpp\leetcode\build\.cmake\api\v1\reply\target-307-range-Debug-50102588da10a42469fc.json", "JSON", 0, 0, 0, 109, 0, 0, 0, 0, 0, 1, 110
"d:\program\cpp\leetcode\build\.cmake\api\v1\reply\target-307-range-sum-query-Debug-eaa57ec6924004576bbc.json", "JSON", 0, 0, 0, 109, 0, 0, 0, 0, 0, 1, 110
"d:\program\cpp\leetcode\build\.cmake\api\v1\reply\target-315-count-smaller-Debug-d0bb2b03aad8542a8a57.json", "JSON", 0, 0, 0, 109, 0, 0, 0, 0, 0, 1, 110
"d:\program\cpp\leetcode\build\.cmake\api\v1\reply\target-327-count-range-sum-Debug-33d6c517b9a522f47a95.json", "JSON", 0, 0, 0, 109, 0, 0, 0, 0, 0, 1, 110
"d:\program\cpp\leetcode\build\.cmake\api\v1\reply\target-378-kth-smallest-Debug-fd71caa55a4f5160b418.json", "JSON", 0, 0, 0, 98, 0, 0, 0, 0, 0, 1, 99
"d:\program\cpp\leetcode\build\.cmake\api\v1\reply\target-419-count-ships-Debug-12d5153662c05c31b85a.json", "JSON", 0, 0, 0, 109, 0, 0, 0, 0, 0, 1, 110
"d:\program\cpp\leetcode\build\.cmake\api\v1\reply\target-49-group-anagrams-Debug-cc51f907b98fa23ac450.json", "JSON", 0, 0, 0, 98, 0, 0, 0, 0, 0, 1, 99
"d:\program\cpp\leetcode\build\.cmake\api\v1\reply\target-493-reverse-pair-Debug-50e6ff920da3fd1afa91.json", "JSON", 0, 0, 0, 109, 0, 0, 0, 0, 0, 1, 110
"d:\program\cpp\leetcode\build\.cmake\api\v1\reply\target-667-construct-array-Debug-380945e630f97fe8322a.json", "JSON", 0, 0, 0, 109, 0, 0, 0, 0, 0, 1, 110
"d:\program\cpp\leetcode\build\.cmake\api\v1\reply\target-669-trim-bst-Debug-ce35b13b8177af80e4d0.json", "JSON", 0, 0, 0, 109, 0, 0, 0, 0, 0, 1, 110
"d:\program\cpp\leetcode\build\.cmake\api\v1\reply\target-684-redundant-connection-2-Debug-2dac8e6ee545162ffc86.json", "JSON", 0, 0, 0, 109, 0, 0, 0, 0, 0, 1, 110
"d:\program\cpp\leetcode\build\.cmake\api\v1\reply\target-684-redundant-connection-Debug-fc0f3a95b0a821310b3b.json", "JSON", 0, 0, 0, 109, 0, 0, 0, 0, 0, 1, 110
"d:\program\cpp\leetcode\build\.cmake\api\v1\reply\target-707_linked_list-Debug-2e422d01284481a15b53.json", "JSON", 0, 0, 0, 109, 0, 0, 0, 0, 0, 1, 110
"d:\program\cpp\leetcode\build\.cmake\api\v1\reply\target-743-net-delay-Debug-bc64732918a51f46d763.json", "JSON", 0, 0, 0, 109, 0, 0, 0, 0, 0, 1, 110
"d:\program\cpp\leetcode\build\.cmake\api\v1\reply\target-75-color-sort-Debug-3bb4af630812771ddedb.json", "JSON", 0, 0, 0, 98, 0, 0, 0, 0, 0, 1, 99
"d:\program\cpp\leetcode\build\.cmake\api\v1\reply\target-785-is-bipartite-Debug-1403c336ebd12e607c5a.json", "JSON", 0, 0, 0, 109, 0, 0, 0, 0, 0, 1, 110
"d:\program\cpp\leetcode\build\.cmake\api\v1\reply\target-797-possible-paths-Debug-2b75717f37206b5a877a.json", "JSON", 0, 0, 0, 109, 0, 0, 0, 0, 0, 1, 110
"d:\program\cpp\leetcode\build\.cmake\api\v1\reply\target-857-min-cost-Debug-fc40faff1cf19f412185.json", "JSON", 0, 0, 0, 109, 0, 0, 0, 0, 0, 1, 110
"d:\program\cpp\leetcode\build\.cmake\api\v1\reply\target-886-possible-bipartition-Debug-d0671d57dca613dd5d13.json", "JSON", 0, 0, 0, 109, 0, 0, 0, 0, 0, 1, 110
"d:\program\cpp\leetcode\build\.cmake\api\v1\reply\target-98-verify-bst-Debug-57ee8772d83a1082a063.json", "JSON", 0, 0, 0, 109, 0, 0, 0, 0, 0, 1, 110
"d:\program\cpp\leetcode\build\.cmake\api\v1\reply\target-bit-template-Debug-792704226ed6f991d19e.json", "JSON", 0, 0, 0, 109, 0, 0, 0, 0, 0, 1, 110
"d:\program\cpp\leetcode\build\.cmake\api\v1\reply\target-circulating-decimal-Debug-6a693f4923ce10ac2de5.json", "JSON", 0, 0, 0, 109, 0, 0, 0, 0, 0, 1, 110
"d:\program\cpp\leetcode\build\.cmake\api\v1\reply\target-leetcode-Debug-1e93d3f251ac86dba178.json", "JSON", 0, 0, 0, 98, 0, 0, 0, 0, 0, 1, 99
"d:\program\cpp\leetcode\build\.cmake\api\v1\reply\target-offer51-reverse-pair-Debug-0150c15b0064b18ed37e.json", "JSON", 0, 0, 0, 109, 0, 0, 0, 0, 0, 1, 110
"d:\program\cpp\leetcode\build\.cmake\api\v1\reply\toolchains-v1-bb57c26a17c865f84a9e.json", "JSON", 0, 0, 0, 133, 0, 0, 0, 0, 0, 1, 134
"d:\program\cpp\leetcode\build\CMakeCache.txt", "CMake Cache", 0, 0, 0, 0, 419, 0, 0, 0, 0, 99, 518
"d:\program\cpp\leetcode\build\CMakeFiles\1020-num-enclaves.dir\DependInfo.cmake", "CMake", 0, 0, 14, 0, 0, 0, 0, 0, 0, 6, 20
"d:\program\cpp\leetcode\build\CMakeFiles\1020-num-enclaves.dir\cmake_clean.cmake", "CMake", 0, 0, 12, 0, 0, 0, 0, 0, 0, 2, 14
"d:\program\cpp\leetcode\build\CMakeFiles\1020-num-enclaves.dir\compiler_depend.ts", "TypeScript", 0, 0, 0, 0, 0, 2, 0, 0, 0, 1, 3
"d:\program\cpp\leetcode\build\CMakeFiles\1090-largest-num.dir\DependInfo.cmake", "CMake", 0, 0, 14, 0, 0, 0, 0, 0, 0, 6, 20
"d:\program\cpp\leetcode\build\CMakeFiles\1090-largest-num.dir\cmake_clean.cmake", "CMake", 0, 0, 12, 0, 0, 0, 0, 0, 0, 2, 14
"d:\program\cpp\leetcode\build\CMakeFiles\1090-largest-num.dir\compiler_depend.ts", "TypeScript", 0, 0, 0, 0, 0, 2, 0, 0, 0, 1, 3
"d:\program\cpp\leetcode\build\CMakeFiles\1331-array-rank.dir\DependInfo.cmake", "CMake", 0, 0, 14, 0, 0, 0, 0, 0, 0, 6, 20
"d:\program\cpp\leetcode\build\CMakeFiles\1331-array-rank.dir\cmake_clean.cmake", "CMake", 0, 0, 12, 0, 0, 0, 0, 0, 0, 2, 14
"d:\program\cpp\leetcode\build\CMakeFiles\1331-array-rank.dir\compiler_depend.ts", "TypeScript", 0, 0, 0, 0, 0, 2, 0, 0, 0, 1, 3
"d:\program\cpp\leetcode\build\CMakeFiles\1334-find-city.dir\DependInfo.cmake", "CMake", 0, 0, 14, 0, 0, 0, 0, 0, 0, 6, 20
"d:\program\cpp\leetcode\build\CMakeFiles\1334-find-city.dir\cmake_clean.cmake", "CMake", 0, 0, 12, 0, 0, 0, 0, 0, 0, 2, 14
"d:\program\cpp\leetcode\build\CMakeFiles\1334-find-city.dir\compiler_depend.ts", "TypeScript", 0, 0, 0, 0, 0, 2, 0, 0, 0, 1, 3
"d:\program\cpp\leetcode\build\CMakeFiles\1450-busy-student-2.dir\DependInfo.cmake", "CMake", 0, 0, 14, 0, 0, 0, 0, 0, 0, 6, 20
"d:\program\cpp\leetcode\build\CMakeFiles\1450-busy-student-2.dir\cmake_clean.cmake", "CMake", 0, 0, 12, 0, 0, 0, 0, 0, 0, 2, 14
"d:\program\cpp\leetcode\build\CMakeFiles\1450-busy-student-2.dir\compiler_depend.ts", "TypeScript", 0, 0, 0, 0, 0, 2, 0, 0, 0, 1, 3
"d:\program\cpp\leetcode\build\CMakeFiles\1450-busy-student.dir\DependInfo.cmake", "CMake", 0, 0, 14, 0, 0, 0, 0, 0, 0, 6, 20
"d:\program\cpp\leetcode\build\CMakeFiles\1450-busy-student.dir\cmake_clean.cmake", "CMake", 0, 0, 12, 0, 0, 0, 0, 0, 0, 2, 14
"d:\program\cpp\leetcode\build\CMakeFiles\1450-busy-student.dir\compiler_depend.ts", "TypeScript", 0, 0, 0, 0, 0, 2, 0, 0, 0, 1, 3
"d:\program\cpp\leetcode\build\CMakeFiles\1582-min-cost.dir\DependInfo.cmake", "CMake", 0, 0, 14, 0, 0, 0, 0, 0, 0, 6, 20
"d:\program\cpp\leetcode\build\CMakeFiles\1582-min-cost.dir\cmake_clean.cmake", "CMake", 0, 0, 12, 0, 0, 0, 0, 0, 0, 2, 14
"d:\program\cpp\leetcode\build\CMakeFiles\1582-min-cost.dir\compiler_depend.ts", "TypeScript", 0, 0, 0, 0, 0, 2, 0, 0, 0, 1, 3
"d:\program\cpp\leetcode\build\CMakeFiles\1598-folder.dir\DependInfo.cmake", "CMake", 0, 0, 14, 0, 0, 0, 0, 0, 0, 6, 20
"d:\program\cpp\leetcode\build\CMakeFiles\1598-folder.dir\cmake_clean.cmake", "CMake", 0, 0, 12, 0, 0, 0, 0, 0, 0, 2, 14
"d:\program\cpp\leetcode\build\CMakeFiles\1598-folder.dir\compiler_depend.ts", "TypeScript", 0, 0, 0, 0, 0, 2, 0, 0, 0, 1, 3
"d:\program\cpp\leetcode\build\CMakeFiles\16-closest-sum.dir\DependInfo.cmake", "CMake", 0, 0, 14, 0, 0, 0, 0, 0, 0, 6, 20
"d:\program\cpp\leetcode\build\CMakeFiles\16-closest-sum.dir\cmake_clean.cmake", "CMake", 0, 0, 12, 0, 0, 0, 0, 0, 0, 2, 14
"d:\program\cpp\leetcode\build\CMakeFiles\16-closest-sum.dir\compiler_depend.ts", "TypeScript", 0, 0, 0, 0, 0, 2, 0, 0, 0, 1, 3
"d:\program\cpp\leetcode\build\CMakeFiles\1608-special-val.dir\DependInfo.cmake", "CMake", 0, 0, 14, 0, 0, 0, 0, 0, 0, 6, 20
"d:\program\cpp\leetcode\build\CMakeFiles\1608-special-val.dir\cmake_clean.cmake", "CMake", 0, 0, 12, 0, 0, 0, 0, 0, 0, 2, 14
"d:\program\cpp\leetcode\build\CMakeFiles\1608-special-val.dir\compiler_depend.ts", "TypeScript", 0, 0, 0, 0, 0, 2, 0, 0, 0, 1, 3
"d:\program\cpp\leetcode\build\CMakeFiles\1636-frequency.dir\DependInfo.cmake", "CMake", 0, 0, 14, 0, 0, 0, 0, 0, 0, 6, 20
"d:\program\cpp\leetcode\build\CMakeFiles\1636-frequency.dir\cmake_clean.cmake", "CMake", 0, 0, 12, 0, 0, 0, 0, 0, 0, 2, 14
"d:\program\cpp\leetcode\build\CMakeFiles\1636-frequency.dir\compiler_depend.ts", "TypeScript", 0, 0, 0, 0, 0, 2, 0, 0, 0, 1, 3
"d:\program\cpp\leetcode\build\CMakeFiles\179-largest-num.dir\DependInfo.cmake", "CMake", 0, 0, 14, 0, 0, 0, 0, 0, 0, 6, 20
"d:\program\cpp\leetcode\build\CMakeFiles\179-largest-num.dir\cmake_clean.cmake", "CMake", 0, 0, 12, 0, 0, 0, 0, 0, 0, 2, 14
"d:\program\cpp\leetcode\build\CMakeFiles\179-largest-num.dir\compiler_depend.ts", "TypeScript", 0, 0, 0, 0, 0, 2, 0, 0, 0, 1, 3
"d:\program\cpp\leetcode\build\CMakeFiles\207-curricular.dir\DependInfo.cmake", "CMake", 0, 0, 14, 0, 0, 0, 0, 0, 0, 6, 20
"d:\program\cpp\leetcode\build\CMakeFiles\207-curricular.dir\cmake_clean.cmake", "CMake", 0, 0, 12, 0, 0, 0, 0, 0, 0, 2, 14
"d:\program\cpp\leetcode\build\CMakeFiles\207-curricular.dir\compiler_depend.ts", "TypeScript", 0, 0, 0, 0, 0, 2, 0, 0, 0, 1, 3
"d:\program\cpp\leetcode\build\CMakeFiles\210-curricular.dir\DependInfo.cmake", "CMake", 0, 0, 14, 0, 0, 0, 0, 0, 0, 6, 20
"d:\program\cpp\leetcode\build\CMakeFiles\210-curricular.dir\cmake_clean.cmake", "CMake", 0, 0, 12, 0, 0, 0, 0, 0, 0, 2, 14
"d:\program\cpp\leetcode\build\CMakeFiles\210-curricular.dir\compiler_depend.ts", "TypeScript", 0, 0, 0, 0, 0, 2, 0, 0, 0, 1, 3
"d:\program\cpp\leetcode\build\CMakeFiles\2283-min-time.dir\DependInfo.cmake", "CMake", 0, 0, 14, 0, 0, 0, 0, 0, 0, 6, 20
"d:\program\cpp\leetcode\build\CMakeFiles\2283-min-time.dir\cmake_clean.cmake", "CMake", 0, 0, 12, 0, 0, 0, 0, 0, 0, 2, 14
"d:\program\cpp\leetcode\build\CMakeFiles\2283-min-time.dir\compiler_depend.ts", "TypeScript", 0, 0, 0, 0, 0, 2, 0, 0, 0, 1, 3
"d:\program\cpp\leetcode\build\CMakeFiles\2367-three-diff.dir\DependInfo.cmake", "CMake", 0, 0, 14, 0, 0, 0, 0, 0, 0, 6, 20
"d:\program\cpp\leetcode\build\CMakeFiles\2367-three-diff.dir\cmake_clean.cmake", "CMake", 0, 0, 12, 0, 0, 0, 0, 0, 0, 2, 14
"d:\program\cpp\leetcode\build\CMakeFiles\2367-three-diff.dir\compiler_depend.ts", "TypeScript", 0, 0, 0, 0, 0, 2, 0, 0, 0, 1, 3
"d:\program\cpp\leetcode\build\CMakeFiles\2368-nums-node.dir\DependInfo.cmake", "CMake", 0, 0, 14, 0, 0, 0, 0, 0, 0, 6, 20
"d:\program\cpp\leetcode\build\CMakeFiles\2368-nums-node.dir\cmake_clean.cmake", "CMake", 0, 0, 12, 0, 0, 0, 0, 0, 0, 2, 14
"d:\program\cpp\leetcode\build\CMakeFiles\2368-nums-node.dir\compiler_depend.ts", "TypeScript", 0, 0, 0, 0, 0, 2, 0, 0, 0, 1, 3
"d:\program\cpp\leetcode\build\CMakeFiles\2369-legal-partition.dir\DependInfo.cmake", "CMake", 0, 0, 14, 0, 0, 0, 0, 0, 0, 6, 20
"d:\program\cpp\leetcode\build\CMakeFiles\2369-legal-partition.dir\cmake_clean.cmake", "CMake", 0, 0, 12, 0, 0, 0, 0, 0, 0, 2, 14
"d:\program\cpp\leetcode\build\CMakeFiles\2369-legal-partition.dir\compiler_depend.ts", "TypeScript", 0, 0, 0, 0, 0, 2, 0, 0, 0, 1, 3
"d:\program\cpp\leetcode\build\CMakeFiles\2370-longest-ideal-sequence.dir\DependInfo.cmake", "CMake", 0, 0, 14, 0, 0, 0, 0, 0, 0, 6, 20
"d:\program\cpp\leetcode\build\CMakeFiles\2370-longest-ideal-sequence.dir\cmake_clean.cmake", "CMake", 0, 0, 12, 0, 0, 0, 0, 0, 0, 2, 14
"d:\program\cpp\leetcode\build\CMakeFiles\2370-longest-ideal-sequence.dir\compiler_depend.ts", "TypeScript", 0, 0, 0, 0, 0, 2, 0, 0, 0, 1, 3
"d:\program\cpp\leetcode\build\CMakeFiles\2384-max-num.dir\DependInfo.cmake", "CMake", 0, 0, 14, 0, 0, 0, 0, 0, 0, 6, 20
"d:\program\cpp\leetcode\build\CMakeFiles\2384-max-num.dir\cmake_clean.cmake", "CMake", 0, 0, 12, 0, 0, 0, 0, 0, 0, 2, 14
"d:\program\cpp\leetcode\build\CMakeFiles\2384-max-num.dir\compiler_depend.ts", "TypeScript", 0, 0, 0, 0, 0, 2, 0, 0, 0, 1, 3
"d:\program\cpp\leetcode\build\CMakeFiles\2385-tree.dir\DependInfo.cmake", "CMake", 0, 0, 14, 0, 0, 0, 0, 0, 0, 6, 20
"d:\program\cpp\leetcode\build\CMakeFiles\2385-tree.dir\cmake_clean.cmake", "CMake", 0, 0, 12, 0, 0, 0, 0, 0, 0, 2, 14
"d:\program\cpp\leetcode\build\CMakeFiles\2385-tree.dir\compiler_depend.ts", "TypeScript", 0, 0, 0, 0, 0, 2, 0, 0, 0, 1, 3
"d:\program\cpp\leetcode\build\CMakeFiles\3.24.0-rc3\CMakeCCompiler.cmake", "CMake", 0, 0, 55, 0, 0, 0, 0, 0, 0, 18, 73
"d:\program\cpp\leetcode\build\CMakeFiles\3.24.0-rc3\CMakeCXXCompiler.cmake", "CMake", 0, 0, 64, 0, 0, 0, 0, 0, 0, 20, 84
"d:\program\cpp\leetcode\build\CMakeFiles\3.24.0-rc3\CMakeRCCompiler.cmake", "CMake", 0, 0, 6, 0, 0, 0, 0, 0, 0, 1, 7
"d:\program\cpp\leetcode\build\CMakeFiles\3.24.0-rc3\CMakeSystem.cmake", "CMake", 0, 0, 10, 0, 0, 0, 0, 0, 0, 6, 16
"d:\program\cpp\leetcode\build\CMakeFiles\3.24.0-rc3\CompilerIdCXX\CMakeCXXCompilerId.cpp", "C++", 628, 0, 0, 0, 0, 0, 0, 0, 63, 136, 827
"d:\program\cpp\leetcode\build\CMakeFiles\3.24.0-rc3\CompilerIdC\CMakeCCompilerId.c", "C", 0, 0, 0, 0, 0, 0, 0, 640, 61, 138, 839
"d:\program\cpp\leetcode\build\CMakeFiles\307-range-sum-query.dir\DependInfo.cmake", "CMake", 0, 0, 14, 0, 0, 0, 0, 0, 0, 6, 20
"d:\program\cpp\leetcode\build\CMakeFiles\307-range-sum-query.dir\cmake_clean.cmake", "CMake", 0, 0, 12, 0, 0, 0, 0, 0, 0, 2, 14
"d:\program\cpp\leetcode\build\CMakeFiles\307-range-sum-query.dir\compiler_depend.ts", "TypeScript", 0, 0, 0, 0, 0, 2, 0, 0, 0, 1, 3
"d:\program\cpp\leetcode\build\CMakeFiles\307-range.dir\DependInfo.cmake", "CMake", 0, 0, 14, 0, 0, 0, 0, 0, 0, 6, 20
"d:\program\cpp\leetcode\build\CMakeFiles\307-range.dir\cmake_clean.cmake", "CMake", 0, 0, 12, 0, 0, 0, 0, 0, 0, 2, 14
"d:\program\cpp\leetcode\build\CMakeFiles\307-range.dir\compiler_depend.ts", "TypeScript", 0, 0, 0, 0, 0, 2, 0, 0, 0, 1, 3
"d:\program\cpp\leetcode\build\CMakeFiles\315-count-smaller.dir\DependInfo.cmake", "CMake", 0, 0, 14, 0, 0, 0, 0, 0, 0, 6, 20
"d:\program\cpp\leetcode\build\CMakeFiles\315-count-smaller.dir\cmake_clean.cmake", "CMake", 0, 0, 12, 0, 0, 0, 0, 0, 0, 2, 14
"d:\program\cpp\leetcode\build\CMakeFiles\315-count-smaller.dir\compiler_depend.ts", "TypeScript", 0, 0, 0, 0, 0, 2, 0, 0, 0, 1, 3
"d:\program\cpp\leetcode\build\CMakeFiles\327-count-range-sum.dir\DependInfo.cmake", "CMake", 0, 0, 14, 0, 0, 0, 0, 0, 0, 6, 20
"d:\program\cpp\leetcode\build\CMakeFiles\327-count-range-sum.dir\cmake_clean.cmake", "CMake", 0, 0, 12, 0, 0, 0, 0, 0, 0, 2, 14
"d:\program\cpp\leetcode\build\CMakeFiles\327-count-range-sum.dir\compiler_depend.ts", "TypeScript", 0, 0, 0, 0, 0, 2, 0, 0, 0, 1, 3
"d:\program\cpp\leetcode\build\CMakeFiles\378-kth-smallest.dir\DependInfo.cmake", "CMake", 0, 0, 14, 0, 0, 0, 0, 0, 0, 6, 20
"d:\program\cpp\leetcode\build\CMakeFiles\378-kth-smallest.dir\cmake_clean.cmake", "CMake", 0, 0, 12, 0, 0, 0, 0, 0, 0, 2, 14
"d:\program\cpp\leetcode\build\CMakeFiles\378-kth-smallest.dir\compiler_depend.ts", "TypeScript", 0, 0, 0, 0, 0, 2, 0, 0, 0, 1, 3
"d:\program\cpp\leetcode\build\CMakeFiles\419-count-ships.dir\DependInfo.cmake", "CMake", 0, 0, 14, 0, 0, 0, 0, 0, 0, 6, 20
"d:\program\cpp\leetcode\build\CMakeFiles\419-count-ships.dir\cmake_clean.cmake", "CMake", 0, 0, 12, 0, 0, 0, 0, 0, 0, 2, 14
"d:\program\cpp\leetcode\build\CMakeFiles\419-count-ships.dir\compiler_depend.ts", "TypeScript", 0, 0, 0, 0, 0, 2, 0, 0, 0, 1, 3
"d:\program\cpp\leetcode\build\CMakeFiles\49-group-anagrams.dir\DependInfo.cmake", "CMake", 0, 0, 14, 0, 0, 0, 0, 0, 0, 6, 20
"d:\program\cpp\leetcode\build\CMakeFiles\49-group-anagrams.dir\cmake_clean.cmake", "CMake", 0, 0, 12, 0, 0, 0, 0, 0, 0, 2, 14
"d:\program\cpp\leetcode\build\CMakeFiles\49-group-anagrams.dir\compiler_depend.ts", "TypeScript", 0, 0, 0, 0, 0, 2, 0, 0, 0, 1, 3
"d:\program\cpp\leetcode\build\CMakeFiles\493-reverse-pair.dir\DependInfo.cmake", "CMake", 0, 0, 14, 0, 0, 0, 0, 0, 0, 6, 20
"d:\program\cpp\leetcode\build\CMakeFiles\493-reverse-pair.dir\cmake_clean.cmake", "CMake", 0, 0, 12, 0, 0, 0, 0, 0, 0, 2, 14
"d:\program\cpp\leetcode\build\CMakeFiles\493-reverse-pair.dir\compiler_depend.ts", "TypeScript", 0, 0, 0, 0, 0, 2, 0, 0, 0, 1, 3
"d:\program\cpp\leetcode\build\CMakeFiles\667-construct-array.dir\DependInfo.cmake", "CMake", 0, 0, 14, 0, 0, 0, 0, 0, 0, 6, 20
"d:\program\cpp\leetcode\build\CMakeFiles\667-construct-array.dir\cmake_clean.cmake", "CMake", 0, 0, 12, 0, 0, 0, 0, 0, 0, 2, 14
"d:\program\cpp\leetcode\build\CMakeFiles\667-construct-array.dir\compiler_depend.ts", "TypeScript", 0, 0, 0, 0, 0, 2, 0, 0, 0, 1, 3
"d:\program\cpp\leetcode\build\CMakeFiles\669-trim-bst.dir\DependInfo.cmake", "CMake", 0, 0, 14, 0, 0, 0, 0, 0, 0, 6, 20
"d:\program\cpp\leetcode\build\CMakeFiles\669-trim-bst.dir\cmake_clean.cmake", "CMake", 0, 0, 12, 0, 0, 0, 0, 0, 0, 2, 14
"d:\program\cpp\leetcode\build\CMakeFiles\669-trim-bst.dir\compiler_depend.ts", "TypeScript", 0, 0, 0, 0, 0, 2, 0, 0, 0, 1, 3
"d:\program\cpp\leetcode\build\CMakeFiles\684-redundant-connection-2.dir\DependInfo.cmake", "CMake", 0, 0, 14, 0, 0, 0, 0, 0, 0, 6, 20
"d:\program\cpp\leetcode\build\CMakeFiles\684-redundant-connection-2.dir\cmake_clean.cmake", "CMake", 0, 0, 12, 0, 0, 0, 0, 0, 0, 2, 14
"d:\program\cpp\leetcode\build\CMakeFiles\684-redundant-connection-2.dir\compiler_depend.ts", "TypeScript", 0, 0, 0, 0, 0, 2, 0, 0, 0, 1, 3
"d:\program\cpp\leetcode\build\CMakeFiles\684-redundant-connection.dir\DependInfo.cmake", "CMake", 0, 0, 14, 0, 0, 0, 0, 0, 0, 6, 20
"d:\program\cpp\leetcode\build\CMakeFiles\684-redundant-connection.dir\cmake_clean.cmake", "CMake", 0, 0, 12, 0, 0, 0, 0, 0, 0, 2, 14
"d:\program\cpp\leetcode\build\CMakeFiles\684-redundant-connection.dir\compiler_depend.ts", "TypeScript", 0, 0, 0, 0, 0, 2, 0, 0, 0, 1, 3
"d:\program\cpp\leetcode\build\CMakeFiles\707_linked_list.dir\DependInfo.cmake", "CMake", 0, 0, 14, 0, 0, 0, 0, 0, 0, 6, 20
"d:\program\cpp\leetcode\build\CMakeFiles\707_linked_list.dir\cmake_clean.cmake", "CMake", 0, 0, 12, 0, 0, 0, 0, 0, 0, 2, 14
"d:\program\cpp\leetcode\build\CMakeFiles\707_linked_list.dir\compiler_depend.ts", "TypeScript", 0, 0, 0, 0, 0, 2, 0, 0, 0, 1, 3
"d:\program\cpp\leetcode\build\CMakeFiles\743-net-delay.dir\DependInfo.cmake", "CMake", 0, 0, 14, 0, 0, 0, 0, 0, 0, 6, 20
"d:\program\cpp\leetcode\build\CMakeFiles\743-net-delay.dir\cmake_clean.cmake", "CMake", 0, 0, 12, 0, 0, 0, 0, 0, 0, 2, 14
"d:\program\cpp\leetcode\build\CMakeFiles\743-net-delay.dir\compiler_depend.ts", "TypeScript", 0, 0, 0, 0, 0, 2, 0, 0, 0, 1, 3
"d:\program\cpp\leetcode\build\CMakeFiles\75-color-sort.dir\DependInfo.cmake", "CMake", 0, 0, 14, 0, 0, 0, 0, 0, 0, 6, 20
"d:\program\cpp\leetcode\build\CMakeFiles\75-color-sort.dir\cmake_clean.cmake", "CMake", 0, 0, 12, 0, 0, 0, 0, 0, 0, 2, 14
"d:\program\cpp\leetcode\build\CMakeFiles\75-color-sort.dir\compiler_depend.ts", "TypeScript", 0, 0, 0, 0, 0, 2, 0, 0, 0, 1, 3
"d:\program\cpp\leetcode\build\CMakeFiles\785-is-bipartite.dir\DependInfo.cmake", "CMake", 0, 0, 14, 0, 0, 0, 0, 0, 0, 6, 20
"d:\program\cpp\leetcode\build\CMakeFiles\785-is-bipartite.dir\cmake_clean.cmake", "CMake", 0, 0, 12, 0, 0, 0, 0, 0, 0, 2, 14
"d:\program\cpp\leetcode\build\CMakeFiles\785-is-bipartite.dir\compiler_depend.ts", "TypeScript", 0, 0, 0, 0, 0, 2, 0, 0, 0, 1, 3
"d:\program\cpp\leetcode\build\CMakeFiles\797-possible-paths.dir\DependInfo.cmake", "CMake", 0, 0, 14, 0, 0, 0, 0, 0, 0, 6, 20
"d:\program\cpp\leetcode\build\CMakeFiles\797-possible-paths.dir\cmake_clean.cmake", "CMake", 0, 0, 12, 0, 0, 0, 0, 0, 0, 2, 14
"d:\program\cpp\leetcode\build\CMakeFiles\797-possible-paths.dir\compiler_depend.ts", "TypeScript", 0, 0, 0, 0, 0, 2, 0, 0, 0, 1, 3
"d:\program\cpp\leetcode\build\CMakeFiles\857-min-cost.dir\DependInfo.cmake", "CMake", 0, 0, 14, 0, 0, 0, 0, 0, 0, 6, 20
"d:\program\cpp\leetcode\build\CMakeFiles\857-min-cost.dir\cmake_clean.cmake", "CMake", 0, 0, 12, 0, 0, 0, 0, 0, 0, 2, 14
"d:\program\cpp\leetcode\build\CMakeFiles\857-min-cost.dir\compiler_depend.ts", "TypeScript", 0, 0, 0, 0, 0, 2, 0, 0, 0, 1, 3
"d:\program\cpp\leetcode\build\CMakeFiles\886-possible-bipartition.dir\DependInfo.cmake", "CMake", 0, 0, 14, 0, 0, 0, 0, 0, 0, 6, 20
"d:\program\cpp\leetcode\build\CMakeFiles\886-possible-bipartition.dir\cmake_clean.cmake", "CMake", 0, 0, 12, 0, 0, 0, 0, 0, 0, 2, 14
"d:\program\cpp\leetcode\build\CMakeFiles\886-possible-bipartition.dir\compiler_depend.ts", "TypeScript", 0, 0, 0, 0, 0, 2, 0, 0, 0, 1, 3
"d:\program\cpp\leetcode\build\CMakeFiles\98-verify-bst.dir\DependInfo.cmake", "CMake", 0, 0, 14, 0, 0, 0, 0, 0, 0, 6, 20
"d:\program\cpp\leetcode\build\CMakeFiles\98-verify-bst.dir\cmake_clean.cmake", "CMake", 0, 0, 12, 0, 0, 0, 0, 0, 0, 2, 14
"d:\program\cpp\leetcode\build\CMakeFiles\98-verify-bst.dir\compiler_depend.ts", "TypeScript", 0, 0, 0, 0, 0, 2, 0, 0, 0, 1, 3
"d:\program\cpp\leetcode\build\CMakeFiles\CMakeDirectoryInformation.cmake", "CMake", 0, 0, 12, 0, 0, 0, 0, 0, 0, 5, 17
"d:\program\cpp\leetcode\build\CMakeFiles\CMakeOutput.log", "Log", 0, 468, 0, 0, 0, 0, 0, 0, 0, 135, 603
"d:\program\cpp\leetcode\build\CMakeFiles\Continuous.dir\DependInfo.cmake", "CMake", 0, 0, 13, 0, 0, 0, 0, 0, 0, 6, 19
"d:\program\cpp\leetcode\build\CMakeFiles\Continuous.dir\cmake_clean.cmake", "CMake", 0, 0, 7, 0, 0, 0, 0, 0, 0, 2, 9
"d:\program\cpp\leetcode\build\CMakeFiles\Continuous.dir\compiler_depend.ts", "TypeScript", 0, 0, 0, 0, 0, 2, 0, 0, 0, 1, 3
"d:\program\cpp\leetcode\build\CMakeFiles\ContinuousBuild.dir\DependInfo.cmake", "CMake", 0, 0, 13, 0, 0, 0, 0, 0, 0, 6, 19
"d:\program\cpp\leetcode\build\CMakeFiles\ContinuousBuild.dir\cmake_clean.cmake", "CMake", 0, 0, 7, 0, 0, 0, 0, 0, 0, 2, 9
"d:\program\cpp\leetcode\build\CMakeFiles\ContinuousBuild.dir\compiler_depend.ts", "TypeScript", 0, 0, 0, 0, 0, 2, 0, 0, 0, 1, 3
"d:\program\cpp\leetcode\build\CMakeFiles\ContinuousConfigure.dir\DependInfo.cmake", "CMake", 0, 0, 13, 0, 0, 0, 0, 0, 0, 6, 19
"d:\program\cpp\leetcode\build\CMakeFiles\ContinuousConfigure.dir\cmake_clean.cmake", "CMake", 0, 0, 7, 0, 0, 0, 0, 0, 0, 2, 9
"d:\program\cpp\leetcode\build\CMakeFiles\ContinuousConfigure.dir\compiler_depend.ts", "TypeScript", 0, 0, 0, 0, 0, 2, 0, 0, 0, 1, 3
"d:\program\cpp\leetcode\build\CMakeFiles\ContinuousCoverage.dir\DependInfo.cmake", "CMake", 0, 0, 13, 0, 0, 0, 0, 0, 0, 6, 19
"d:\program\cpp\leetcode\build\CMakeFiles\ContinuousCoverage.dir\cmake_clean.cmake", "CMake", 0, 0, 7, 0, 0, 0, 0, 0, 0, 2, 9
"d:\program\cpp\leetcode\build\CMakeFiles\ContinuousCoverage.dir\compiler_depend.ts", "TypeScript", 0, 0, 0, 0, 0, 2, 0, 0, 0, 1, 3
"d:\program\cpp\leetcode\build\CMakeFiles\ContinuousMemCheck.dir\DependInfo.cmake", "CMake", 0, 0, 13, 0, 0, 0, 0, 0, 0, 6, 19
"d:\program\cpp\leetcode\build\CMakeFiles\ContinuousMemCheck.dir\cmake_clean.cmake", "CMake", 0, 0, 7, 0, 0, 0, 0, 0, 0, 2, 9
"d:\program\cpp\leetcode\build\CMakeFiles\ContinuousMemCheck.dir\compiler_depend.ts", "TypeScript", 0, 0, 0, 0, 0, 2, 0, 0, 0, 1, 3
"d:\program\cpp\leetcode\build\CMakeFiles\ContinuousStart.dir\DependInfo.cmake", "CMake", 0, 0, 13, 0, 0, 0, 0, 0, 0, 6, 19
"d:\program\cpp\leetcode\build\CMakeFiles\ContinuousStart.dir\cmake_clean.cmake", "CMake", 0, 0, 7, 0, 0, 0, 0, 0, 0, 2, 9
"d:\program\cpp\leetcode\build\CMakeFiles\ContinuousStart.dir\compiler_depend.ts", "TypeScript", 0, 0, 0, 0, 0, 2, 0, 0, 0, 1, 3
"d:\program\cpp\leetcode\build\CMakeFiles\ContinuousSubmit.dir\DependInfo.cmake", "CMake", 0, 0, 13, 0, 0, 0, 0, 0, 0, 6, 19
"d:\program\cpp\leetcode\build\CMakeFiles\ContinuousSubmit.dir\cmake_clean.cmake", "CMake", 0, 0, 7, 0, 0, 0, 0, 0, 0, 2, 9
"d:\program\cpp\leetcode\build\CMakeFiles\ContinuousSubmit.dir\compiler_depend.ts", "TypeScript", 0, 0, 0, 0, 0, 2, 0, 0, 0, 1, 3
"d:\program\cpp\leetcode\build\CMakeFiles\ContinuousTest.dir\DependInfo.cmake", "CMake", 0, 0, 13, 0, 0, 0, 0, 0, 0, 6, 19
"d:\program\cpp\leetcode\build\CMakeFiles\ContinuousTest.dir\cmake_clean.cmake", "CMake", 0, 0, 7, 0, 0, 0, 0, 0, 0, 2, 9
"d:\program\cpp\leetcode\build\CMakeFiles\ContinuousTest.dir\compiler_depend.ts", "TypeScript", 0, 0, 0, 0, 0, 2, 0, 0, 0, 1, 3
"d:\program\cpp\leetcode\build\CMakeFiles\ContinuousUpdate.dir\DependInfo.cmake", "CMake", 0, 0, 13, 0, 0, 0, 0, 0, 0, 6, 19
"d:\program\cpp\leetcode\build\CMakeFiles\ContinuousUpdate.dir\cmake_clean.cmake", "CMake", 0, 0, 7, 0, 0, 0, 0, 0, 0, 2, 9
"d:\program\cpp\leetcode\build\CMakeFiles\ContinuousUpdate.dir\compiler_depend.ts", "TypeScript", 0, 0, 0, 0, 0, 2, 0, 0, 0, 1, 3
"d:\program\cpp\leetcode\build\CMakeFiles\Experimental.dir\DependInfo.cmake", "CMake", 0, 0, 13, 0, 0, 0, 0, 0, 0, 6, 19
"d:\program\cpp\leetcode\build\CMakeFiles\Experimental.dir\cmake_clean.cmake", "CMake", 0, 0, 7, 0, 0, 0, 0, 0, 0, 2, 9
"d:\program\cpp\leetcode\build\CMakeFiles\Experimental.dir\compiler_depend.ts", "TypeScript", 0, 0, 0, 0, 0, 2, 0, 0, 0, 1, 3
"d:\program\cpp\leetcode\build\CMakeFiles\ExperimentalBuild.dir\DependInfo.cmake", "CMake", 0, 0, 13, 0, 0, 0, 0, 0, 0, 6, 19
"d:\program\cpp\leetcode\build\CMakeFiles\ExperimentalBuild.dir\cmake_clean.cmake", "CMake", 0, 0, 7, 0, 0, 0, 0, 0, 0, 2, 9
"d:\program\cpp\leetcode\build\CMakeFiles\ExperimentalBuild.dir\compiler_depend.ts", "TypeScript", 0, 0, 0, 0, 0, 2, 0, 0, 0, 1, 3
"d:\program\cpp\leetcode\build\CMakeFiles\ExperimentalConfigure.dir\DependInfo.cmake", "CMake", 0, 0, 13, 0, 0, 0, 0, 0, 0, 6, 19
"d:\program\cpp\leetcode\build\CMakeFiles\ExperimentalConfigure.dir\cmake_clean.cmake", "CMake", 0, 0, 7, 0, 0, 0, 0, 0, 0, 2, 9
"d:\program\cpp\leetcode\build\CMakeFiles\ExperimentalConfigure.dir\compiler_depend.ts", "TypeScript", 0, 0, 0, 0, 0, 2, 0, 0, 0, 1, 3
"d:\program\cpp\leetcode\build\CMakeFiles\ExperimentalCoverage.dir\DependInfo.cmake", "CMake", 0, 0, 13, 0, 0, 0, 0, 0, 0, 6, 19
"d:\program\cpp\leetcode\build\CMakeFiles\ExperimentalCoverage.dir\cmake_clean.cmake", "CMake", 0, 0, 7, 0, 0, 0, 0, 0, 0, 2, 9
"d:\program\cpp\leetcode\build\CMakeFiles\ExperimentalCoverage.dir\compiler_depend.ts", "TypeScript", 0, 0, 0, 0, 0, 2, 0, 0, 0, 1, 3
"d:\program\cpp\leetcode\build\CMakeFiles\ExperimentalMemCheck.dir\DependInfo.cmake", "CMake", 0, 0, 13, 0, 0, 0, 0, 0, 0, 6, 19
"d:\program\cpp\leetcode\build\CMakeFiles\ExperimentalMemCheck.dir\cmake_clean.cmake", "CMake", 0, 0, 7, 0, 0, 0, 0, 0, 0, 2, 9
"d:\program\cpp\leetcode\build\CMakeFiles\ExperimentalMemCheck.dir\compiler_depend.ts", "TypeScript", 0, 0, 0, 0, 0, 2, 0, 0, 0, 1, 3
"d:\program\cpp\leetcode\build\CMakeFiles\ExperimentalStart.dir\DependInfo.cmake", "CMake", 0, 0, 13, 0, 0, 0, 0, 0, 0, 6, 19
"d:\program\cpp\leetcode\build\CMakeFiles\ExperimentalStart.dir\cmake_clean.cmake", "CMake", 0, 0, 7, 0, 0, 0, 0, 0, 0, 2, 9
"d:\program\cpp\leetcode\build\CMakeFiles\ExperimentalStart.dir\compiler_depend.ts", "TypeScript", 0, 0, 0, 0, 0, 2, 0, 0, 0, 1, 3
"d:\program\cpp\leetcode\build\CMakeFiles\ExperimentalSubmit.dir\DependInfo.cmake", "CMake", 0, 0, 13, 0, 0, 0, 0, 0, 0, 6, 19
"d:\program\cpp\leetcode\build\CMakeFiles\ExperimentalSubmit.dir\cmake_clean.cmake", "CMake", 0, 0, 7, 0, 0, 0, 0, 0, 0, 2, 9
"d:\program\cpp\leetcode\build\CMakeFiles\ExperimentalSubmit.dir\compiler_depend.ts", "TypeScript", 0, 0, 0, 0, 0, 2, 0, 0, 0, 1, 3
"d:\program\cpp\leetcode\build\CMakeFiles\ExperimentalTest.dir\DependInfo.cmake", "CMake", 0, 0, 13, 0, 0, 0, 0, 0, 0, 6, 19
"d:\program\cpp\leetcode\build\CMakeFiles\ExperimentalTest.dir\cmake_clean.cmake", "CMake", 0, 0, 7, 0, 0, 0, 0, 0, 0, 2, 9
"d:\program\cpp\leetcode\build\CMakeFiles\ExperimentalTest.dir\compiler_depend.ts", "TypeScript", 0, 0, 0, 0, 0, 2, 0, 0, 0, 1, 3
"d:\program\cpp\leetcode\build\CMakeFiles\ExperimentalUpdate.dir\DependInfo.cmake", "CMake", 0, 0, 13, 0, 0, 0, 0, 0, 0, 6, 19
"d:\program\cpp\leetcode\build\CMakeFiles\ExperimentalUpdate.dir\cmake_clean.cmake", "CMake", 0, 0, 7, 0, 0, 0, 0, 0, 0, 2, 9
"d:\program\cpp\leetcode\build\CMakeFiles\ExperimentalUpdate.dir\compiler_depend.ts", "TypeScript", 0, 0, 0, 0, 0, 2, 0, 0, 0, 1, 3
"d:\program\cpp\leetcode\build\CMakeFiles\Makefile.cmake", "CMake", 0, 0, 96, 0, 0, 0, 0, 0, 0, 6, 102
"d:\program\cpp\leetcode\build\CMakeFiles\Nightly.dir\DependInfo.cmake", "CMake", 0, 0, 13, 0, 0, 0, 0, 0, 0, 6, 19
"d:\program\cpp\leetcode\build\CMakeFiles\Nightly.dir\cmake_clean.cmake", "CMake", 0, 0, 7, 0, 0, 0, 0, 0, 0, 2, 9
"d:\program\cpp\leetcode\build\CMakeFiles\Nightly.dir\compiler_depend.ts", "TypeScript", 0, 0, 0, 0, 0, 2, 0, 0, 0, 1, 3
"d:\program\cpp\leetcode\build\CMakeFiles\NightlyBuild.dir\DependInfo.cmake", "CMake", 0, 0, 13, 0, 0, 0, 0, 0, 0, 6, 19
"d:\program\cpp\leetcode\build\CMakeFiles\NightlyBuild.dir\cmake_clean.cmake", "CMake", 0, 0, 7, 0, 0, 0, 0, 0, 0, 2, 9
"d:\program\cpp\leetcode\build\CMakeFiles\NightlyBuild.dir\compiler_depend.ts", "TypeScript", 0, 0, 0, 0, 0, 2, 0, 0, 0, 1, 3
"d:\program\cpp\leetcode\build\CMakeFiles\NightlyConfigure.dir\DependInfo.cmake", "CMake", 0, 0, 13, 0, 0, 0, 0, 0, 0, 6, 19
"d:\program\cpp\leetcode\build\CMakeFiles\NightlyConfigure.dir\cmake_clean.cmake", "CMake", 0, 0, 7, 0, 0, 0, 0, 0, 0, 2, 9
"d:\program\cpp\leetcode\build\CMakeFiles\NightlyConfigure.dir\compiler_depend.ts", "TypeScript", 0, 0, 0, 0, 0, 2, 0, 0, 0, 1, 3
"d:\program\cpp\leetcode\build\CMakeFiles\NightlyCoverage.dir\DependInfo.cmake", "CMake", 0, 0, 13, 0, 0, 0, 0, 0, 0, 6, 19
"d:\program\cpp\leetcode\build\CMakeFiles\NightlyCoverage.dir\cmake_clean.cmake", "CMake", 0, 0, 7, 0, 0, 0, 0, 0, 0, 2, 9
"d:\program\cpp\leetcode\build\CMakeFiles\NightlyCoverage.dir\compiler_depend.ts", "TypeScript", 0, 0, 0, 0, 0, 2, 0, 0, 0, 1, 3
"d:\program\cpp\leetcode\build\CMakeFiles\NightlyMemCheck.dir\DependInfo.cmake", "CMake", 0, 0, 13, 0, 0, 0, 0, 0, 0, 6, 19
"d:\program\cpp\leetcode\build\CMakeFiles\NightlyMemCheck.dir\cmake_clean.cmake", "CMake", 0, 0, 7, 0, 0, 0, 0, 0, 0, 2, 9
"d:\program\cpp\leetcode\build\CMakeFiles\NightlyMemCheck.dir\compiler_depend.ts", "TypeScript", 0, 0, 0, 0, 0, 2, 0, 0, 0, 1, 3
"d:\program\cpp\leetcode\build\CMakeFiles\NightlyMemoryCheck.dir\DependInfo.cmake", "CMake", 0, 0, 13, 0, 0, 0, 0, 0, 0, 6, 19
"d:\program\cpp\leetcode\build\CMakeFiles\NightlyMemoryCheck.dir\cmake_clean.cmake", "CMake", 0, 0, 7, 0, 0, 0, 0, 0, 0, 2, 9
"d:\program\cpp\leetcode\build\CMakeFiles\NightlyMemoryCheck.dir\compiler_depend.ts", "TypeScript", 0, 0, 0, 0, 0, 2, 0, 0, 0, 1, 3
"d:\program\cpp\leetcode\build\CMakeFiles\NightlyStart.dir\DependInfo.cmake", "CMake", 0, 0, 13, 0, 0, 0, 0, 0, 0, 6, 19
"d:\program\cpp\leetcode\build\CMakeFiles\NightlyStart.dir\cmake_clean.cmake", "CMake", 0, 0, 7, 0, 0, 0, 0, 0, 0, 2, 9
"d:\program\cpp\leetcode\build\CMakeFiles\NightlyStart.dir\compiler_depend.ts", "TypeScript", 0, 0, 0, 0, 0, 2, 0, 0, 0, 1, 3
"d:\program\cpp\leetcode\build\CMakeFiles\NightlySubmit.dir\DependInfo.cmake", "CMake", 0, 0, 13, 0, 0, 0, 0, 0, 0, 6, 19
"d:\program\cpp\leetcode\build\CMakeFiles\NightlySubmit.dir\cmake_clean.cmake", "CMake", 0, 0, 7, 0, 0, 0, 0, 0, 0, 2, 9
"d:\program\cpp\leetcode\build\CMakeFiles\NightlySubmit.dir\compiler_depend.ts", "TypeScript", 0, 0, 0, 0, 0, 2, 0, 0, 0, 1, 3
"d:\program\cpp\leetcode\build\CMakeFiles\NightlyTest.dir\DependInfo.cmake", "CMake", 0, 0, 13, 0, 0, 0, 0, 0, 0, 6, 19
"d:\program\cpp\leetcode\build\CMakeFiles\NightlyTest.dir\cmake_clean.cmake", "CMake", 0, 0, 7, 0, 0, 0, 0, 0, 0, 2, 9
"d:\program\cpp\leetcode\build\CMakeFiles\NightlyTest.dir\compiler_depend.ts", "TypeScript", 0, 0, 0, 0, 0, 2, 0, 0, 0, 1, 3
"d:\program\cpp\leetcode\build\CMakeFiles\NightlyUpdate.dir\DependInfo.cmake", "CMake", 0, 0, 13, 0, 0, 0, 0, 0, 0, 6, 19
"d:\program\cpp\leetcode\build\CMakeFiles\NightlyUpdate.dir\cmake_clean.cmake", "CMake", 0, 0, 7, 0, 0, 0, 0, 0, 0, 2, 9
"d:\program\cpp\leetcode\build\CMakeFiles\NightlyUpdate.dir\compiler_depend.ts", "TypeScript", 0, 0, 0, 0, 0, 2, 0, 0, 0, 1, 3
"d:\program\cpp\leetcode\build\CMakeFiles\bit-template.dir\DependInfo.cmake", "CMake", 0, 0, 14, 0, 0, 0, 0, 0, 0, 6, 20
"d:\program\cpp\leetcode\build\CMakeFiles\bit-template.dir\cmake_clean.cmake", "CMake", 0, 0, 12, 0, 0, 0, 0, 0, 0, 2, 14
"d:\program\cpp\leetcode\build\CMakeFiles\bit-template.dir\compiler_depend.ts", "TypeScript", 0, 0, 0, 0, 0, 2, 0, 0, 0, 1, 3
"d:\program\cpp\leetcode\build\CMakeFiles\circulating-decimal.dir\DependInfo.cmake", "CMake", 0, 0, 14, 0, 0, 0, 0, 0, 0, 6, 20
"d:\program\cpp\leetcode\build\CMakeFiles\circulating-decimal.dir\cmake_clean.cmake", "CMake", 0, 0, 12, 0, 0, 0, 0, 0, 0, 2, 14
"d:\program\cpp\leetcode\build\CMakeFiles\circulating-decimal.dir\compiler_depend.ts", "TypeScript", 0, 0, 0, 0, 0, 2, 0, 0, 0, 1, 3
"d:\program\cpp\leetcode\build\CMakeFiles\leetcode.dir\DependInfo.cmake", "CMake", 0, 0, 14, 0, 0, 0, 0, 0, 0, 6, 20
"d:\program\cpp\leetcode\build\CMakeFiles\leetcode.dir\cmake_clean.cmake", "CMake", 0, 0, 12, 0, 0, 0, 0, 0, 0, 2, 14
"d:\program\cpp\leetcode\build\CMakeFiles\leetcode.dir\compiler_depend.ts", "TypeScript", 0, 0, 0, 0, 0, 2, 0, 0, 0, 1, 3
"d:\program\cpp\leetcode\build\CMakeFiles\offer51-reverse-pair.dir\DependInfo.cmake", "CMake", 0, 0, 14, 0, 0, 0, 0, 0, 0, 6, 20
"d:\program\cpp\leetcode\build\CMakeFiles\offer51-reverse-pair.dir\cmake_clean.cmake", "CMake", 0, 0, 12, 0, 0, 0, 0, 0, 0, 2, 14
"d:\program\cpp\leetcode\build\CMakeFiles\offer51-reverse-pair.dir\compiler_depend.ts", "TypeScript", 0, 0, 0, 0, 0, 2, 0, 0, 0, 1, 3
"d:\program\cpp\leetcode\build\CPackConfig.cmake", "CMake", 0, 0, 67, 0, 0, 0, 0, 0, 0, 5, 72
"d:\program\cpp\leetcode\build\CPackSourceConfig.cmake", "CMake", 0, 0, 75, 0, 0, 0, 0, 0, 0, 5, 80
"d:\program\cpp\leetcode\build\CTestTestfile.cmake", "CMake", 0, 0, 6, 0, 0, 0, 0, 0, 0, 1, 7
"d:\program\cpp\leetcode\build\Makefile", "Makefile", 0, 0, 0, 0, 0, 0, 1208, 0, 361, 449, 2018
"d:\program\cpp\leetcode\build\Testing\Temporary\LastTest.log", "Log", 0, 3, 0, 0, 0, 0, 0, 0, 0, 1, 4
"d:\program\cpp\leetcode\build\cmake_install.cmake", "CMake", 0, 0, 42, 0, 0, 0, 0, 0, 0, 8, 50
"d:\program\cpp\leetcode\build\compile_commands.json", "JSON", 0, 0, 0, 227, 0, 0, 0, 0, 0, 0, 227
"d:\program\cpp\leetcode\cmake-build-debug\.cmake\api\v1\reply\cache-v2-29de62299e012d62560b.json", "JSON", 0, 0, 0, 1463, 0, 0, 0, 0, 0, 1, 1464
"d:\program\cpp\leetcode\cmake-build-debug\.cmake\api\v1\reply\cmakeFiles-v1-6c30cc5495002e68004e.json", "JSON", 0, 0, 0, 178, 0, 0, 0, 0, 0, 1, 179
"d:\program\cpp\leetcode\cmake-build-debug\.cmake\api\v1\reply\codemodel-v2-b5acc6e771c42562e0dc.json", "JSON", 0, 0, 0, 456, 0, 0, 0, 0, 0, 1, 457
"d:\program\cpp\leetcode\cmake-build-debug\.cmake\api\v1\reply\directory-.-Debug-d0094a50bb2071803777.json", "JSON", 0, 0, 0, 14, 0, 0, 0, 0, 0, 1, 15
"d:\program\cpp\leetcode\cmake-build-debug\.cmake\api\v1\reply\index-2022-09-30T06-28-51-0269.json", "JSON", 0, 0, 0, 108, 0, 0, 0, 0, 0, 1, 109
"d:\program\cpp\leetcode\cmake-build-debug\.cmake\api\v1\reply\target-1020-num-enclaves-Debug-e2f67e6d83aafb2b4853.json", "JSON", 0, 0, 0, 109, 0, 0, 0, 0, 0, 1, 110
"d:\program\cpp\leetcode\cmake-build-debug\.cmake\api\v1\reply\target-1090-largest-num-Debug-cb3b1da47b3bd0543866.json", "JSON", 0, 0, 0, 109, 0, 0, 0, 0, 0, 1, 110
"d:\program\cpp\leetcode\cmake-build-debug\.cmake\api\v1\reply\target-1331-array-rank-Debug-e6f6ceb3f0d6458a09a9.json", "JSON", 0, 0, 0, 109, 0, 0, 0, 0, 0, 1, 110
"d:\program\cpp\leetcode\cmake-build-debug\.cmake\api\v1\reply\target-1334-find-city-Debug-0bea820587abb051a5f4.json", "JSON", 0, 0, 0, 109, 0, 0, 0, 0, 0, 1, 110
"d:\program\cpp\leetcode\cmake-build-debug\.cmake\api\v1\reply\target-1450-busy-student-2-Debug-3437794853c9b15e18a7.json", "JSON", 0, 0, 0, 109, 0, 0, 0, 0, 0, 1, 110
"d:\program\cpp\leetcode\cmake-build-debug\.cmake\api\v1\reply\target-1450-busy-student-Debug-05128b134f44ffe3aa5d.json", "JSON", 0, 0, 0, 109, 0, 0, 0, 0, 0, 1, 110
"d:\program\cpp\leetcode\cmake-build-debug\.cmake\api\v1\reply\target-1582-min-cost-Debug-03a68fb83f45babc6280.json", "JSON", 0, 0, 0, 109, 0, 0, 0, 0, 0, 1, 110
"d:\program\cpp\leetcode\cmake-build-debug\.cmake\api\v1\reply\target-1598-folder-Debug-b736eb576bbef53acdee.json", "JSON", 0, 0, 0, 109, 0, 0, 0, 0, 0, 1, 110
"d:\program\cpp\leetcode\cmake-build-debug\.cmake\api\v1\reply\target-16-closest-sum-Debug-859f1d513542f411ac19.json", "JSON", 0, 0, 0, 109, 0, 0, 0, 0, 0, 1, 110
"d:\program\cpp\leetcode\cmake-build-debug\.cmake\api\v1\reply\target-1608-special-val-Debug-744cac35389399c18657.json", "JSON", 0, 0, 0, 109, 0, 0, 0, 0, 0, 1, 110
"d:\program\cpp\leetcode\cmake-build-debug\.cmake\api\v1\reply\target-1636-frequency-Debug-9a19b41fbc45f8fd38f7.json", "JSON", 0, 0, 0, 109, 0, 0, 0, 0, 0, 1, 110
"d:\program\cpp\leetcode\cmake-build-debug\.cmake\api\v1\reply\target-179-largest-num-Debug-09d5410720dc110a0bc5.json", "JSON", 0, 0, 0, 98, 0, 0, 0, 0, 0, 1, 99
"d:\program\cpp\leetcode\cmake-build-debug\.cmake\api\v1\reply\target-207-curricular-Debug-dec890787452c41aecdb.json", "JSON", 0, 0, 0, 109, 0, 0, 0, 0, 0, 1, 110
"d:\program\cpp\leetcode\cmake-build-debug\.cmake\api\v1\reply\target-210-curricular-Debug-8d02e341025202d77d2f.json", "JSON", 0, 0, 0, 109, 0, 0, 0, 0, 0, 1, 110
"d:\program\cpp\leetcode\cmake-build-debug\.cmake\api\v1\reply\target-2283-min-time-Debug-3459452fd1dd6ce5dd01.json", "JSON", 0, 0, 0, 109, 0, 0, 0, 0, 0, 1, 110
"d:\program\cpp\leetcode\cmake-build-debug\.cmake\api\v1\reply\target-2367-three-diff-Debug-a11ddb6823ad7731ce7a.json", "JSON", 0, 0, 0, 109, 0, 0, 0, 0, 0, 1, 110
"d:\program\cpp\leetcode\cmake-build-debug\.cmake\api\v1\reply\target-2368-nums-node-Debug-02db2d95fdb92a3beb88.json", "JSON", 0, 0, 0, 109, 0, 0, 0, 0, 0, 1, 110
"d:\program\cpp\leetcode\cmake-build-debug\.cmake\api\v1\reply\target-2369-legal-partition-Debug-df1be6e0fe5506cf95e4.json", "JSON", 0, 0, 0, 109, 0, 0, 0, 0, 0, 1, 110
"d:\program\cpp\leetcode\cmake-build-debug\.cmake\api\v1\reply\target-2370-longest-ideal-sequence-Debug-41b7742197f7f79e59bb.json", "JSON", 0, 0, 0, 109, 0, 0, 0, 0, 0, 1, 110
"d:\program\cpp\leetcode\cmake-build-debug\.cmake\api\v1\reply\target-2384-max-num-Debug-2260e80bfbc23e6fa404.json", "JSON", 0, 0, 0, 109, 0, 0, 0, 0, 0, 1, 110
"d:\program\cpp\leetcode\cmake-build-debug\.cmake\api\v1\reply\target-2385-tree-Debug-ef24a62128be47fc5a91.json", "JSON", 0, 0, 0, 109, 0, 0, 0, 0, 0, 1, 110
"d:\program\cpp\leetcode\cmake-build-debug\.cmake\api\v1\reply\target-307-range-Debug-50102588da10a42469fc.json", "JSON", 0, 0, 0, 109, 0, 0, 0, 0, 0, 1, 110
"d:\program\cpp\leetcode\cmake-build-debug\.cmake\api\v1\reply\target-307-range-sum-query-Debug-eaa57ec6924004576bbc.json", "JSON", 0, 0, 0, 109, 0, 0, 0, 0, 0, 1, 110
"d:\program\cpp\leetcode\cmake-build-debug\.cmake\api\v1\reply\target-315-count-smaller-Debug-d0bb2b03aad8542a8a57.json", "JSON", 0, 0, 0, 109, 0, 0, 0, 0, 0, 1, 110
"d:\program\cpp\leetcode\cmake-build-debug\.cmake\api\v1\reply\target-327-count-range-sum-Debug-33d6c517b9a522f47a95.json", "JSON", 0, 0, 0, 109, 0, 0, 0, 0, 0, 1, 110
"d:\program\cpp\leetcode\cmake-build-debug\.cmake\api\v1\reply\target-378-kth-smallest-Debug-fd71caa55a4f5160b418.json", "JSON", 0, 0, 0, 98, 0, 0, 0, 0, 0, 1, 99
"d:\program\cpp\leetcode\cmake-build-debug\.cmake\api\v1\reply\target-419-count-ships-Debug-12d5153662c05c31b85a.json", "JSON", 0, 0, 0, 109, 0, 0, 0, 0, 0, 1, 110
"d:\program\cpp\leetcode\cmake-build-debug\.cmake\api\v1\reply\target-49-group-anagrams-Debug-cc51f907b98fa23ac450.json", "JSON", 0, 0, 0, 98, 0, 0, 0, 0, 0, 1, 99
"d:\program\cpp\leetcode\cmake-build-debug\.cmake\api\v1\reply\target-493-reverse-pair-Debug-50e6ff920da3fd1afa91.json", "JSON", 0, 0, 0, 109, 0, 0, 0, 0, 0, 1, 110
"d:\program\cpp\leetcode\cmake-build-debug\.cmake\api\v1\reply\target-667-construct-array-Debug-380945e630f97fe8322a.json", "JSON", 0, 0, 0, 109, 0, 0, 0, 0, 0, 1, 110
"d:\program\cpp\leetcode\cmake-build-debug\.cmake\api\v1\reply\target-669-trim-bst-Debug-ce35b13b8177af80e4d0.json", "JSON", 0, 0, 0, 109, 0, 0, 0, 0, 0, 1, 110
"d:\program\cpp\leetcode\cmake-build-debug\.cmake\api\v1\reply\target-684-redundant-connection-2-Debug-2dac8e6ee545162ffc86.json", "JSON", 0, 0, 0, 109, 0, 0, 0, 0, 0, 1, 110
"d:\program\cpp\leetcode\cmake-build-debug\.cmake\api\v1\reply\target-684-redundant-connection-Debug-fc0f3a95b0a821310b3b.json", "JSON", 0, 0, 0, 109, 0, 0, 0, 0, 0, 1, 110
"d:\program\cpp\leetcode\cmake-build-debug\.cmake\api\v1\reply\target-707_linked_list-Debug-2e422d01284481a15b53.json", "JSON", 0, 0, 0, 109, 0, 0, 0, 0, 0, 1, 110
"d:\program\cpp\leetcode\cmake-build-debug\.cmake\api\v1\reply\target-743-net-delay-Debug-bc64732918a51f46d763.json", "JSON", 0, 0, 0, 109, 0, 0, 0, 0, 0, 1, 110
"d:\program\cpp\leetcode\cmake-build-debug\.cmake\api\v1\reply\target-75-color-sort-Debug-3bb4af630812771ddedb.json", "JSON", 0, 0, 0, 98, 0, 0, 0, 0, 0, 1, 99
"d:\program\cpp\leetcode\cmake-build-debug\.cmake\api\v1\reply\target-785-is-bipartite-Debug-1403c336ebd12e607c5a.json", "JSON", 0, 0, 0, 109, 0, 0, 0, 0, 0, 1, 110
"d:\program\cpp\leetcode\cmake-build-debug\.cmake\api\v1\reply\target-797-possible-paths-Debug-2b75717f37206b5a877a.json", "JSON", 0, 0, 0, 109, 0, 0, 0, 0, 0, 1, 110
"d:\program\cpp\leetcode\cmake-build-debug\.cmake\api\v1\reply\target-857-min-cost-Debug-fc40faff1cf19f412185.json", "JSON", 0, 0, 0, 109, 0, 0, 0, 0, 0, 1, 110
"d:\program\cpp\leetcode\cmake-build-debug\.cmake\api\v1\reply\target-886-possible-bipartition-Debug-d0671d57dca613dd5d13.json", "JSON", 0, 0, 0, 109, 0, 0, 0, 0, 0, 1, 110
"d:\program\cpp\leetcode\cmake-build-debug\.cmake\api\v1\reply\target-98-verify-bst-Debug-57ee8772d83a1082a063.json", "JSON", 0, 0, 0, 109, 0, 0, 0, 0, 0, 1, 110
"d:\program\cpp\leetcode\cmake-build-debug\.cmake\api\v1\reply\target-bit-template-Debug-792704226ed6f991d19e.json", "JSON", 0, 0, 0, 109, 0, 0, 0, 0, 0, 1, 110
"d:\program\cpp\leetcode\cmake-build-debug\.cmake\api\v1\reply\target-circulating-decimal-Debug-6a693f4923ce10ac2de5.json", "JSON", 0, 0, 0, 109, 0, 0, 0, 0, 0, 1, 110
"d:\program\cpp\leetcode\cmake-build-debug\.cmake\api\v1\reply\target-leetcode-Debug-1e93d3f251ac86dba178.json", "JSON", 0, 0, 0, 98, 0, 0, 0, 0, 0, 1, 99
"d:\program\cpp\leetcode\cmake-build-debug\.cmake\api\v1\reply\target-offer51-reverse-pair-Debug-0150c15b0064b18ed37e.json", "JSON", 0, 0, 0, 109, 0, 0, 0, 0, 0, 1, 110
"d:\program\cpp\leetcode\cmake-build-debug\.cmake\api\v1\reply\toolchains-v1-e4cbed1d3f3219838065.json", "JSON", 0, 0, 0, 141, 0, 0, 0, 0, 0, 1, 142
"d:\program\cpp\leetcode\cmake-build-debug\CMakeCache.txt", "CMake Cache", 0, 0, 0, 0, 371, 0, 0, 0, 0, 87, 458
"d:\program\cpp\leetcode\cmake-build-debug\CMakeFiles\3.23.2\CMakeCCompiler.cmake", "CMake", 0, 0, 55, 0, 0, 0, 0, 0, 0, 18, 73
"d:\program\cpp\leetcode\cmake-build-debug\CMakeFiles\3.23.2\CMakeCXXCompiler.cmake", "CMake", 0, 0, 64, 0, 0, 0, 0, 0, 0, 20, 84
"d:\program\cpp\leetcode\cmake-build-debug\CMakeFiles\3.23.2\CMakeRCCompiler.cmake", "CMake", 0, 0, 6, 0, 0, 0, 0, 0, 0, 1, 7
"d:\program\cpp\leetcode\cmake-build-debug\CMakeFiles\3.23.2\CMakeSystem.cmake", "CMake", 0, 0, 10, 0, 0, 0, 0, 0, 0, 6, 16
"d:\program\cpp\leetcode\cmake-build-debug\CMakeFiles\3.23.2\CompilerIdCXX\CMakeCXXCompilerId.cpp", "C++", 621, 0, 0, 0, 0, 0, 0, 0, 63, 133, 817
"d:\program\cpp\leetcode\cmake-build-debug\CMakeFiles\3.23.2\CompilerIdC\CMakeCCompilerId.c", "C", 0, 0, 0, 0, 0, 0, 0, 633, 61, 135, 829
"d:\program\cpp\leetcode\cmake-build-debug\CMakeFiles\CMakeOutput.log", "Log", 0, 416, 0, 0, 0, 0, 0, 0, 0, 133, 549
"d:\program\cpp\leetcode\cmake-build-debug\CPackConfig.cmake", "CMake", 0, 0, 67, 0, 0, 0, 0, 0, 0, 5, 72
"d:\program\cpp\leetcode\cmake-build-debug\CPackSourceConfig.cmake", "CMake", 0, 0, 75, 0, 0, 0, 0, 0, 0, 5, 80
"d:\program\cpp\leetcode\cmake-build-debug\CTestTestfile.cmake", "CMake", 0, 0, 6, 0, 0, 0, 0, 0, 0, 1, 7
"d:\program\cpp\leetcode\cmake-build-debug\Makefile", "Makefile", 0, 0, 0, 0, 0, 0, 1103, 0, 329, 543, 1975
"d:\program\cpp\leetcode\cmake-build-debug\Testing\Temporary\LastTest.log", "Log", 0, 3, 0, 0, 0, 0, 0, 0, 0, 1, 4
"d:\program\cpp\leetcode\cmake-build-debug\cmake_install.cmake", "CMake", 0, 0, 42, 0, 0, 0, 0, 0, 0, 8, 50
"d:\program\cpp\leetcode\main.cpp", "C++", 4, 0, 0, 0, 0, 0, 0, 0, 0, 2, 6
"d:\program\cpp\leetcode\src\array\16-closest-sum.cpp", "C++", 27, 0, 0, 0, 0, 0, 0, 0, 0, 3, 30
"d:\program\cpp\leetcode\src\array\1608-special-val.cpp", "C++", 19, 0, 0, 0, 0, 0, 0, 0, 0, 4, 23
"d:\program\cpp\leetcode\src\array\1636-frequency.cpp", "C++", 35, 0, 0, 0, 0, 0, 0, 0, 0, 4, 39
"d:\program\cpp\leetcode\src\array\31-next-permutation.cpp", "C++", 36, 0, 0, 0, 0, 0, 0, 0, 0, 3, 39
"d:\program\cpp\leetcode\src\array\667-construct-array.cpp", "C++", 30, 0, 0, 0, 0, 0, 0, 0, 0, 2, 32
"d:\program\cpp\leetcode\src\binary-index-tree\307-range-sum-query.cpp", "C++", 43, 0, 0, 0, 0, 0, 0, 0, 0, 7, 50
"d:\program\cpp\leetcode\src\binary-index-tree\315-count-smaller.cpp", "C++", 55, 0, 0, 0, 0, 0, 0, 0, 0, 8, 63
"d:\program\cpp\leetcode\src\binary-index-tree\327-count-range-sum.cpp", "C++", 64, 0, 0, 0, 0, 0, 0, 0, 1, 9, 74
"d:\program\cpp\leetcode\src\binary-index-tree\493-reverse-pair.cpp", "C++", 51, 0, 0, 0, 0, 0, 0, 0, 2, 5, 58
"d:\program\cpp\leetcode\src\binary-index-tree\bit-template.cpp", "C++", 26, 0, 0, 0, 0, 0, 0, 0, 0, 6, 32
"d:\program\cpp\leetcode\src\binary-index-tree\offer51-reverse-pair.cpp", "C++", 45, 0, 0, 0, 0, 0, 0, 0, 2, 6, 53
"d:\program\cpp\leetcode\src\contest\305\2367-three-diff.cpp", "C++", 30, 0, 0, 0, 0, 0, 0, 0, 0, 2, 32
"d:\program\cpp\leetcode\src\contest\305\2368-nums-node.cpp", "C++", 47, 0, 0, 0, 0, 0, 0, 0, 0, 7, 54
"d:\program\cpp\leetcode\src\contest\305\2369-legal-partition.cpp", "C++", 72, 0, 0, 0, 0, 0, 0, 0, 0, 3, 75
"d:\program\cpp\leetcode\src\contest\305\2370-longest-ideal-sequence.cpp", "C++", 27, 0, 0, 0, 0, 0, 0, 0, 5, 2, 34
"d:\program\cpp\leetcode\src\contest\307\2283-min-time.cpp", "C++", 39, 0, 0, 0, 0, 0, 0, 0, 0, 5, 44
"d:\program\cpp\leetcode\src\contest\307\2384-max-num.cpp", "C++", 71, 0, 0, 0, 0, 0, 0, 0, 0, 3, 74
"d:\program\cpp\leetcode\src\contest\307\2385-tree.cpp", "C++", 58, 0, 0, 0, 0, 0, 0, 0, 0, 10, 68
"d:\program\cpp\leetcode\src\dfs\1020-num-enclaves.cpp", "C++", 51, 0, 0, 0, 0, 0, 0, 0, 0, 5, 56
"d:\program\cpp\leetcode\src\dfs\419-count-ships.cpp", "C++", 42, 0, 0, 0, 0, 0, 0, 0, 0, 4, 46
"d:\program\cpp\leetcode\src\dfs\98-verify-bst.cpp", "C++", 39, 0, 0, 0, 0, 0, 0, 0, 0, 10, 49
"d:\program\cpp\leetcode\src\diff\1450-busy-student.cpp", "C++", 24, 0, 0, 0, 0, 0, 0, 0, 0, 1, 25
"d:\program\cpp\leetcode\src\discretization\1331-array-rank.cpp", "C++", 23, 0, 0, 0, 0, 0, 0, 0, 0, 3, 26
"d:\program\cpp\leetcode\src\graph\1334-find-city.cpp", "C++", 52, 0, 0, 0, 0, 0, 0, 0, 2, 8, 62
"d:\program\cpp\leetcode\src\graph\1582-min-cost.cpp", "C++", 67, 0, 0, 0, 0, 0, 0, 0, 2, 13, 82
"d:\program\cpp\leetcode\src\graph\207-curricular.cpp", "C++", 43, 0, 0, 0, 0, 0, 0, 0, 1, 6, 50
"d:\program\cpp\leetcode\src\graph\210-curricular.cpp", "C++", 40, 0, 0, 0, 0, 0, 0, 0, 0, 8, 48
"d:\program\cpp\leetcode\src\graph\684-redundant-connection-2.cpp", "C++", 43, 0, 0, 0, 0, 0, 0, 0, 0, 8, 51
"d:\program\cpp\leetcode\src\graph\684-redundant-connection.cpp", "C++", 53, 0, 0, 0, 0, 0, 0, 0, 1, 10, 64
"d:\program\cpp\leetcode\src\graph\785-is-bipartite.cpp", "C++", 61, 0, 0, 0, 0, 0, 0, 0, 1, 8, 70
"d:\program\cpp\leetcode\src\graph\797-possible-paths.cpp", "C++", 43, 0, 0, 0, 0, 0, 0, 0, 0, 4, 47
"d:\program\cpp\leetcode\src\graph\886-possible-bipartition.cpp", "C++", 53, 0, 0, 0, 0, 0, 0, 0, 3, 7, 63
"d:\program\cpp\leetcode\src\greedy\857-min-cost.cpp", "C++", 37, 0, 0, 0, 0, 0, 0, 0, 0, 3, 40
"d:\program\cpp\leetcode\src\linked-list\707_linked_list.cpp", "C++", 87, 0, 0, 0, 0, 0, 0, 0, 0, 10, 97
"d:\program\cpp\leetcode\src\segment-tree\1450-busy-student-2.cpp", "C++", 63, 0, 0, 0, 0, 0, 0, 0, 1, 7, 71
"d:\program\cpp\leetcode\src\segment-tree\307-range.cpp", "C++", 62, 0, 0, 0, 0, 0, 0, 0, 1, 8, 71
"d:\program\cpp\leetcode\src\simulation\1598-folder.cpp", "C++", 19, 0, 0, 0, 0, 0, 0, 0, 0, 5, 24
"d:\program\cpp\leetcode\src\simulation\circulating-decimal.cpp", "C++", 46, 0, 0, 0, 0, 0, 0, 0, 2, 5, 53
"d:\program\cpp\leetcode\src\sort\1090-largest-num.cpp", "C++", 29, 0, 0, 0, 0, 0, 0, 0, 3, 3, 35
"d:\program\cpp\leetcode\src\sort\179-largest-num.cpp", "C++", 23, 0, 0, 0, 0, 0, 0, 0, 1, 6, 30
"d:\program\cpp\leetcode\src\sort\378-kth-smallest.cpp", "C++", 34, 0, 0, 0, 0, 0, 0, 0, 1, 5, 40
"d:\program\cpp\leetcode\src\sort\49-group-anagrams.cpp", "C++", 38, 0, 0, 0, 0, 0, 0, 0, 3, 6, 47
"d:\program\cpp\leetcode\src\sort\75-sort-color.cpp", "C++", 27, 0, 0, 0, 0, 0, 0, 0, 0, 4, 31
"d:\program\cpp\leetcode\src\tree\669-trim-bst.cpp", "C++", 50, 0, 0, 0, 0, 0, 0, 0, 0, 17, 67
"d:\program\cpp\leetcode\src\tree\743-net-delay.cpp", "C++", 69, 0, 0, 0, 0, 0, 0, 0, 1, 10, 80
"Total", "-", 3246, 890, 2488, 14872, 790, 146, 2311, 1273, 971, 3163, 30150